-- phpMyAdmin SQL Dump
-- version 5.2.1
-- https://www.phpmyadmin.net/
--
-- Εξυπηρετητής: 127.0.0.1:3307
-- Χρόνος δημιουργίας: 20 Σεπ 2023 στις 16:41:50
-- Έκδοση διακομιστή: 10.4.28-MariaDB
-- Έκδοση PHP: 8.2.4

SET SQL_MODE = "NO_AUTO_VALUE_ON_ZERO";
START TRANSACTION;
SET time_zone = "+00:00";


/*!40101 SET @OLD_CHARACTER_SET_CLIENT=@@CHARACTER_SET_CLIENT */;
/*!40101 SET @OLD_CHARACTER_SET_RESULTS=@@CHARACTER_SET_RESULTS */;
/*!40101 SET @OLD_COLLATION_CONNECTION=@@COLLATION_CONNECTION */;
/*!40101 SET NAMES utf8mb4 */;

--
-- Βάση δεδομένων: `web_project`
--

-- --------------------------------------------------------

--
-- Δομή πίνακα για τον πίνακα `awards`
--

CREATE TABLE `awards` (
  `awards_id` tinyint(4) NOT NULL DEFAULT 1,
  `tokens` int(11) DEFAULT 0,
  `made` tinyint(1) NOT NULL DEFAULT 0,
  `given` tinyint(1) NOT NULL DEFAULT 0
) ENGINE=InnoDB DEFAULT CHARSET=utf8mb4 COLLATE=utf8mb4_general_ci;

--
-- Άδειασμα δεδομένων του πίνακα `awards`
--

INSERT INTO `awards` (`awards_id`, `tokens`, `made`, `given`) VALUES
(1, 1200, 0, 1);

-- --------------------------------------------------------

--
-- Δομή πίνακα για τον πίνακα `category`
--

CREATE TABLE `category` (
  `id` varchar(255) NOT NULL,
  `name` varchar(255) NOT NULL
) ENGINE=InnoDB DEFAULT CHARSET=utf8mb4 COLLATE=utf8mb4_general_ci;

--
-- Άδειασμα δεδομένων του πίνακα `category`
--

INSERT INTO `category` (`id`, `name`) VALUES
('a8ac6be68b53443bbd93b229e2f9cd34', 'Ποτά-Αναψυτικά'),
('ee0022e7b1b34eb2b834ea334cda52e7', 'Τρόφιμα'),
('8016e637b54241f8ad242ed1699bf2da', 'Βρεφικά Είδη'),
('d41744460283406a86f8e4bd5010a66d', 'Καθαριότητα'),
('662418cbd02e435280148dbb8892782a', 'Για κατοικίδια');

-- --------------------------------------------------------

--
-- Δομή πίνακα για τον πίνακα `offer`
--

CREATE TABLE `offer` (
  `offer_id` int(11) NOT NULL,
  `stock` enum('on stock','out of stock') NOT NULL,
  `product_id` int(11) NOT NULL,
  `offer_price` float NOT NULL,
  `shop_id` bigint(255) NOT NULL,
  `offerdate` date NOT NULL DEFAULT current_timestamp(),
  `like_amount` int(11) NOT NULL,
  `dislike_amount` int(11) NOT NULL,
  `user_id` int(25) NOT NULL,
  `end` int(11) NOT NULL,
  `active_offer` tinyint(1) NOT NULL
) ENGINE=InnoDB DEFAULT CHARSET=utf8mb4 COLLATE=utf8mb4_general_ci;

--
-- Άδειασμα δεδομένων του πίνακα `offer`
--

INSERT INTO `offer` (`offer_id`, `stock`, `product_id`, `offer_price`, `shop_id`, `offerdate`, `like_amount`, `dislike_amount`, `user_id`, `end`, `active_offer`) VALUES
(0, '', 769, 1, 354449389, '2023-09-14', 15, 10, 3, 5, 0),
(1, '', 107, 1, 1643373636, '2023-09-14', 15, 6, 1, 5, 0),
(2, '', 1086, 1, 1657132006, '2023-09-14', 30, 10, 2, 5, 0);

-- --------------------------------------------------------

--
-- Δομή πίνακα για τον πίνακα `price`
--

CREATE TABLE `price` (
  `product_id` int(11) NOT NULL,
  `product_name` varchar(255) NOT NULL,
  `category_id` varchar(255) NOT NULL,
  `date` date NOT NULL,
  `price` float NOT NULL
) ENGINE=InnoDB DEFAULT CHARSET=utf8mb4 COLLATE=utf8mb4_general_ci;

--
-- Άδειασμα δεδομένων του πίνακα `price`
--

INSERT INTO `price` (`product_id`, `product_name`, `category_id`, `date`, `price`) VALUES
(107, 'La Vache Qui Rit Τυρί Cheddar Φέτες 200γρ', 'ee0022e7b1b34eb2b834ea334cda52e7', '2023-09-07', 1.81),
(107, 'La Vache Qui Rit Τυρί Cheddar Φέτες 200γρ', 'ee0022e7b1b34eb2b834ea334cda52e7', '2023-09-08', 1.54),
(107, 'La Vache Qui Rit Τυρί Cheddar Φέτες 200γρ', 'ee0022e7b1b34eb2b834ea334cda52e7', '2023-09-09', 1.24),
(107, 'La Vache Qui Rit Τυρί Cheddar Φέτες 200γρ', 'ee0022e7b1b34eb2b834ea334cda52e7', '2023-09-10', 2.15),
(107, 'La Vache Qui Rit Τυρί Cheddar Φέτες 200γρ', 'ee0022e7b1b34eb2b834ea334cda52e7', '2023-09-11', 1.74),
(109, 'Μίνι Babybel Διχτάκι 6τεμ 120γρ', 'ee0022e7b1b34eb2b834ea334cda52e7', '2023-09-07', 2.72),
(109, 'Μίνι Babybel Διχτάκι 6τεμ 120γρ', 'ee0022e7b1b34eb2b834ea334cda52e7', '2023-09-08', 2.21),
(109, 'Μίνι Babybel Διχτάκι 6τεμ 120γρ', 'ee0022e7b1b34eb2b834ea334cda52e7', '2023-09-09', 1.86),
(109, 'Μίνι Babybel Διχτάκι 6τεμ 120γρ', 'ee0022e7b1b34eb2b834ea334cda52e7', '2023-09-10', 2.64),
(109, 'Μίνι Babybel Διχτάκι 6τεμ 120γρ', 'ee0022e7b1b34eb2b834ea334cda52e7', '2023-09-11', 1.67),
(132, 'Φάγε Τυρί Τριμμένο Gouda 200γρ', 'ee0022e7b1b34eb2b834ea334cda52e7', '2023-09-07', 1.49),
(132, 'Φάγε Τυρί Τριμμένο Gouda 200γρ', 'ee0022e7b1b34eb2b834ea334cda52e7', '2023-09-08', 2.8),
(132, 'Φάγε Τυρί Τριμμένο Gouda 200γρ', 'ee0022e7b1b34eb2b834ea334cda52e7', '2023-09-09', 2.32),
(132, 'Φάγε Τυρί Τριμμένο Gouda 200γρ', 'ee0022e7b1b34eb2b834ea334cda52e7', '2023-09-10', 1.46),
(132, 'Φάγε Τυρί Τριμμένο Gouda 200γρ', 'ee0022e7b1b34eb2b834ea334cda52e7', '2023-09-11', 1.4),
(170, 'Φάγε Μιγμ Tριμ 4 Τυρ 200γρ', 'ee0022e7b1b34eb2b834ea334cda52e7', '2023-09-07', 1.27),
(170, 'Φάγε Μιγμ Tριμ 4 Τυρ 200γρ', 'ee0022e7b1b34eb2b834ea334cda52e7', '2023-09-08', 2.03),
(170, 'Φάγε Μιγμ Tριμ 4 Τυρ 200γρ', 'ee0022e7b1b34eb2b834ea334cda52e7', '2023-09-09', 2.53),
(170, 'Φάγε Μιγμ Tριμ 4 Τυρ 200γρ', 'ee0022e7b1b34eb2b834ea334cda52e7', '2023-09-10', 2.1),
(170, 'Φάγε Μιγμ Tριμ 4 Τυρ 200γρ', 'ee0022e7b1b34eb2b834ea334cda52e7', '2023-09-11', 2.77),
(172, 'Φάγε Τυρί Flair Cottage 225γρ', 'ee0022e7b1b34eb2b834ea334cda52e7', '2023-09-07', 1.77),
(172, 'Φάγε Τυρί Flair Cottage 225γρ', 'ee0022e7b1b34eb2b834ea334cda52e7', '2023-09-08', 2.66),
(172, 'Φάγε Τυρί Flair Cottage 225γρ', 'ee0022e7b1b34eb2b834ea334cda52e7', '2023-09-09', 2.95),
(172, 'Φάγε Τυρί Flair Cottage 225γρ', 'ee0022e7b1b34eb2b834ea334cda52e7', '2023-09-10', 1.53),
(172, 'Φάγε Τυρί Flair Cottage 225γρ', 'ee0022e7b1b34eb2b834ea334cda52e7', '2023-09-11', 1.11),
(364, 'Εδέμ Φασόλια Κόκκινα Σε Νερό 240γρ.', 'ee0022e7b1b34eb2b834ea334cda52e7', '2023-09-07', 1.62),
(364, 'Εδέμ Φασόλια Κόκκινα Σε Νερό 240γρ.', 'ee0022e7b1b34eb2b834ea334cda52e7', '2023-09-08', 1.29),
(364, 'Εδέμ Φασόλια Κόκκινα Σε Νερό 240γρ.', 'ee0022e7b1b34eb2b834ea334cda52e7', '2023-09-09', 2.58),
(364, 'Εδέμ Φασόλια Κόκκινα Σε Νερό 240γρ.', 'ee0022e7b1b34eb2b834ea334cda52e7', '2023-09-10', 2.76),
(364, 'Εδέμ Φασόλια Κόκκινα Σε Νερό 240γρ.', 'ee0022e7b1b34eb2b834ea334cda52e7', '2023-09-11', 2.71),
(724, '3 Άλφα Φασόλια Χονδρά Εισαγωγής 500γρ', 'ee0022e7b1b34eb2b834ea334cda52e7', '2023-09-07', 1.63),
(724, '3 Άλφα Φασόλια Χονδρά Εισαγωγής 500γρ', 'ee0022e7b1b34eb2b834ea334cda52e7', '2023-09-08', 2.74),
(724, '3 Άλφα Φασόλια Χονδρά Εισαγωγής 500γρ', 'ee0022e7b1b34eb2b834ea334cda52e7', '2023-09-09', 2.14),
(724, '3 Άλφα Φασόλια Χονδρά Εισαγωγής 500γρ', 'ee0022e7b1b34eb2b834ea334cda52e7', '2023-09-10', 1.06),
(724, '3 Άλφα Φασόλια Χονδρά Εισαγωγής 500γρ', 'ee0022e7b1b34eb2b834ea334cda52e7', '2023-09-11', 2.56),
(749, '3 Άλφα Ρεβύθια Χονδρά Εισαγωγής 500γρ', 'ee0022e7b1b34eb2b834ea334cda52e7', '2023-09-07', 2.23),
(749, '3 Άλφα Ρεβύθια Χονδρά Εισαγωγής 500γρ', 'ee0022e7b1b34eb2b834ea334cda52e7', '2023-09-08', 2.96),
(749, '3 Άλφα Ρεβύθια Χονδρά Εισαγωγής 500γρ', 'ee0022e7b1b34eb2b834ea334cda52e7', '2023-09-09', 2.72),
(749, '3 Άλφα Ρεβύθια Χονδρά Εισαγωγής 500γρ', 'ee0022e7b1b34eb2b834ea334cda52e7', '2023-09-10', 1.96),
(749, '3 Άλφα Ρεβύθια Χονδρά Εισαγωγής 500γρ', 'ee0022e7b1b34eb2b834ea334cda52e7', '2023-09-11', 1.2),
(754, 'Agrino Φασόλια Γίγαντες Ελέφαντες Καστοριάς Π.Γ.Ε. 500γρ', 'ee0022e7b1b34eb2b834ea334cda52e7', '2023-09-07', 2.95),
(754, 'Agrino Φασόλια Γίγαντες Ελέφαντες Καστοριάς Π.Γ.Ε. 500γρ', 'ee0022e7b1b34eb2b834ea334cda52e7', '2023-09-08', 2.34),
(754, 'Agrino Φασόλια Γίγαντες Ελέφαντες Καστοριάς Π.Γ.Ε. 500γρ', 'ee0022e7b1b34eb2b834ea334cda52e7', '2023-09-09', 2.69),
(754, 'Agrino Φασόλια Γίγαντες Ελέφαντες Καστοριάς Π.Γ.Ε. 500γρ', 'ee0022e7b1b34eb2b834ea334cda52e7', '2023-09-10', 1.96),
(754, 'Agrino Φασόλια Γίγαντες Ελέφαντες Καστοριάς Π.Γ.Ε. 500γρ', 'ee0022e7b1b34eb2b834ea334cda52e7', '2023-09-11', 2.8),
(769, '3 Άλφα Φασόλια Γίγαντες Εισαγωγής 500γρ', 'ee0022e7b1b34eb2b834ea334cda52e7', '2023-09-07', 2.42),
(769, '3 Άλφα Φασόλια Γίγαντες Εισαγωγής 500γρ', 'ee0022e7b1b34eb2b834ea334cda52e7', '2023-09-08', 1.07),
(769, '3 Άλφα Φασόλια Γίγαντες Εισαγωγής 500γρ', 'ee0022e7b1b34eb2b834ea334cda52e7', '2023-09-09', 2.78),
(769, '3 Άλφα Φασόλια Γίγαντες Εισαγωγής 500γρ', 'ee0022e7b1b34eb2b834ea334cda52e7', '2023-09-10', 2.32),
(769, '3 Άλφα Φασόλια Γίγαντες Εισαγωγής 500γρ', 'ee0022e7b1b34eb2b834ea334cda52e7', '2023-09-11', 2.36),
(1029, 'Fix Hellas Μπύρα 6X330ml', 'a8ac6be68b53443bbd93b229e2f9cd34', '2023-09-07', 1.38),
(1029, 'Fix Hellas Μπύρα 6X330ml', 'a8ac6be68b53443bbd93b229e2f9cd34', '2023-09-08', 1.53),
(1029, 'Fix Hellas Μπύρα 6X330ml', 'a8ac6be68b53443bbd93b229e2f9cd34', '2023-09-09', 1.97),
(1029, 'Fix Hellas Μπύρα 6X330ml', 'a8ac6be68b53443bbd93b229e2f9cd34', '2023-09-10', 2.05),
(1029, 'Fix Hellas Μπύρα 6X330ml', 'a8ac6be68b53443bbd93b229e2f9cd34', '2023-09-11', 1.67),
(1033, 'Heineken Μπύρα 6X330ml', 'a8ac6be68b53443bbd93b229e2f9cd34', '2023-09-07', 1.07),
(1033, 'Heineken Μπύρα 6X330ml', 'a8ac6be68b53443bbd93b229e2f9cd34', '2023-09-08', 1.21),
(1033, 'Heineken Μπύρα 6X330ml', 'a8ac6be68b53443bbd93b229e2f9cd34', '2023-09-09', 2.69),
(1033, 'Heineken Μπύρα 6X330ml', 'a8ac6be68b53443bbd93b229e2f9cd34', '2023-09-10', 1.32),
(1033, 'Heineken Μπύρα 6X330ml', 'a8ac6be68b53443bbd93b229e2f9cd34', '2023-09-11', 2.37),
(1037, 'Stella Artois Μπύρα 6x330ml', 'a8ac6be68b53443bbd93b229e2f9cd34', '2023-09-07', 3),
(1037, 'Stella Artois Μπύρα 6x330ml', 'a8ac6be68b53443bbd93b229e2f9cd34', '2023-09-08', 1.06),
(1037, 'Stella Artois Μπύρα 6x330ml', 'a8ac6be68b53443bbd93b229e2f9cd34', '2023-09-09', 1.58),
(1037, 'Stella Artois Μπύρα 6x330ml', 'a8ac6be68b53443bbd93b229e2f9cd34', '2023-09-10', 1.98),
(1037, 'Stella Artois Μπύρα 6x330ml', 'a8ac6be68b53443bbd93b229e2f9cd34', '2023-09-11', 2.52),
(1086, 'Mythos Μπύρα 330ml', 'a8ac6be68b53443bbd93b229e2f9cd34', '2023-09-07', 1.84),
(1086, 'Mythos Μπύρα 330ml', 'a8ac6be68b53443bbd93b229e2f9cd34', '2023-09-08', 1.29),
(1086, 'Mythos Μπύρα 330ml', 'a8ac6be68b53443bbd93b229e2f9cd34', '2023-09-09', 2.92),
(1086, 'Mythos Μπύρα 330ml', 'a8ac6be68b53443bbd93b229e2f9cd34', '2023-09-10', 2.85),
(1086, 'Mythos Μπύρα 330ml', 'a8ac6be68b53443bbd93b229e2f9cd34', '2023-09-11', 2.28),
(1139, 'Amstel Μπύρα 330ml', 'a8ac6be68b53443bbd93b229e2f9cd34', '2023-09-07', 2.66),
(1139, 'Amstel Μπύρα 330ml', 'a8ac6be68b53443bbd93b229e2f9cd34', '2023-09-08', 2.6),
(1139, 'Amstel Μπύρα 330ml', 'a8ac6be68b53443bbd93b229e2f9cd34', '2023-09-09', 2.44),
(1139, 'Amstel Μπύρα 330ml', 'a8ac6be68b53443bbd93b229e2f9cd34', '2023-09-10', 1.6),
(1139, 'Amstel Μπύρα 330ml', 'a8ac6be68b53443bbd93b229e2f9cd34', '2023-09-11', 2.36),
(1273, 'Λουξ Πορτοκαλάδα Μπλε 330ml', 'a8ac6be68b53443bbd93b229e2f9cd34', '2023-09-07', 1.52),
(1273, 'Λουξ Πορτοκαλάδα Μπλε 330ml', 'a8ac6be68b53443bbd93b229e2f9cd34', '2023-09-08', 2.54),
(1273, 'Λουξ Πορτοκαλάδα Μπλε 330ml', 'a8ac6be68b53443bbd93b229e2f9cd34', '2023-09-09', 2.97),
(1273, 'Λουξ Πορτοκαλάδα Μπλε 330ml', 'a8ac6be68b53443bbd93b229e2f9cd34', '2023-09-10', 1.23),
(1273, 'Λουξ Πορτοκαλάδα Μπλε 330ml', 'a8ac6be68b53443bbd93b229e2f9cd34', '2023-09-11', 2.66),
(1288, 'Coca Cola Zero 1λιτ', 'a8ac6be68b53443bbd93b229e2f9cd34', '2023-09-07', 1.49),
(1288, 'Coca Cola Zero 1λιτ', 'a8ac6be68b53443bbd93b229e2f9cd34', '2023-09-08', 2.71),
(1288, 'Coca Cola Zero 1λιτ', 'a8ac6be68b53443bbd93b229e2f9cd34', '2023-09-09', 2.99),
(1288, 'Coca Cola Zero 1λιτ', 'a8ac6be68b53443bbd93b229e2f9cd34', '2023-09-10', 2.71),
(1288, 'Coca Cola Zero 1λιτ', 'a8ac6be68b53443bbd93b229e2f9cd34', '2023-09-11', 2.44),
(1289, 'Coca Cola 330ml', 'a8ac6be68b53443bbd93b229e2f9cd34', '2023-09-07', 2.61),
(1289, 'Coca Cola 330ml', 'a8ac6be68b53443bbd93b229e2f9cd34', '2023-09-08', 2.99),
(1289, 'Coca Cola 330ml', 'a8ac6be68b53443bbd93b229e2f9cd34', '2023-09-09', 1.09),
(1289, 'Coca Cola 330ml', 'a8ac6be68b53443bbd93b229e2f9cd34', '2023-09-10', 1.99),
(1289, 'Coca Cola 330ml', 'a8ac6be68b53443bbd93b229e2f9cd34', '2023-09-11', 1.96),
(1172, 'Red Bull Ενεργειακό Ποτό 250ml', 'a8ac6be68b53443bbd93b229e2f9cd34', '2023-09-07', 2.34),
(1172, 'Red Bull Ενεργειακό Ποτό 250ml', 'a8ac6be68b53443bbd93b229e2f9cd34', '2023-09-08', 1.62),
(1172, 'Red Bull Ενεργειακό Ποτό 250ml', 'a8ac6be68b53443bbd93b229e2f9cd34', '2023-09-09', 1.25),
(1172, 'Red Bull Ενεργειακό Ποτό 250ml', 'a8ac6be68b53443bbd93b229e2f9cd34', '2023-09-10', 1.49),
(1172, 'Red Bull Ενεργειακό Ποτό 250ml', 'a8ac6be68b53443bbd93b229e2f9cd34', '2023-09-11', 2.84),
(442, 'Monster Energy Drink 500ml', 'a8ac6be68b53443bbd93b229e2f9cd34', '2023-09-07', 2.93),
(442, 'Monster Energy Drink 500ml', 'a8ac6be68b53443bbd93b229e2f9cd34', '2023-09-08', 1.96),
(442, 'Monster Energy Drink 500ml', 'a8ac6be68b53443bbd93b229e2f9cd34', '2023-09-09', 1.15),
(442, 'Monster Energy Drink 500ml', 'a8ac6be68b53443bbd93b229e2f9cd34', '2023-09-10', 2.87),
(442, 'Monster Energy Drink 500ml', 'a8ac6be68b53443bbd93b229e2f9cd34', '2023-09-11', 2.99),
(756, 'Nestle Φαρίν Λακτέ 350γρ', '8016e637b54241f8ad242ed1699bf2da', '2023-09-07', 1.36),
(756, 'Nestle Φαρίν Λακτέ 350γρ', '8016e637b54241f8ad242ed1699bf2da', '2023-09-08', 1.56),
(756, 'Nestle Φαρίν Λακτέ 350γρ', '8016e637b54241f8ad242ed1699bf2da', '2023-09-09', 1.97),
(756, 'Nestle Φαρίν Λακτέ 350γρ', '8016e637b54241f8ad242ed1699bf2da', '2023-09-10', 1.53),
(756, 'Nestle Φαρίν Λακτέ 350γρ', '8016e637b54241f8ad242ed1699bf2da', '2023-09-11', 1.69),
(417, 'Nutricia Biskotti Ζωάκια 180γρ', '8016e637b54241f8ad242ed1699bf2da', '2023-09-07', 1.88),
(417, 'Nutricia Biskotti Ζωάκια 180γρ', '8016e637b54241f8ad242ed1699bf2da', '2023-09-08', 2.4),
(417, 'Nutricia Biskotti Ζωάκια 180γρ', '8016e637b54241f8ad242ed1699bf2da', '2023-09-09', 2.7),
(417, 'Nutricia Biskotti Ζωάκια 180γρ', '8016e637b54241f8ad242ed1699bf2da', '2023-09-10', 1.55),
(417, 'Nutricia Biskotti Ζωάκια 180γρ', '8016e637b54241f8ad242ed1699bf2da', '2023-09-11', 1.41),
(386, 'Γιώτης Ανθός Ορύζης 150γρ', '8016e637b54241f8ad242ed1699bf2da', '2023-09-07', 2.47),
(386, 'Γιώτης Ανθός Ορύζης 150γρ', '8016e637b54241f8ad242ed1699bf2da', '2023-09-08', 1.55),
(386, 'Γιώτης Ανθός Ορύζης 150γρ', '8016e637b54241f8ad242ed1699bf2da', '2023-09-09', 2.13),
(386, 'Γιώτης Ανθός Ορύζης 150γρ', '8016e637b54241f8ad242ed1699bf2da', '2023-09-10', 1.22),
(386, 'Γιώτης Ανθός Ορύζης 150γρ', '8016e637b54241f8ad242ed1699bf2da', '2023-09-11', 2.66),
(329, 'Γιώτης Κρέμα Παιδικη Φαρίν Λακτέ Μπισκότο 300γρ', '8016e637b54241f8ad242ed1699bf2da', '2023-09-07', 1),
(329, 'Γιώτης Κρέμα Παιδικη Φαρίν Λακτέ Μπισκότο 300γρ', '8016e637b54241f8ad242ed1699bf2da', '2023-09-08', 1.4),
(329, 'Γιώτης Κρέμα Παιδικη Φαρίν Λακτέ Μπισκότο 300γρ', '8016e637b54241f8ad242ed1699bf2da', '2023-09-09', 2.65),
(329, 'Γιώτης Κρέμα Παιδικη Φαρίν Λακτέ Μπισκότο 300γρ', '8016e637b54241f8ad242ed1699bf2da', '2023-09-10', 1.66),
(329, 'Γιώτης Κρέμα Παιδικη Φαρίν Λακτέ Μπισκότο 300γρ', '8016e637b54241f8ad242ed1699bf2da', '2023-09-11', 2.41),
(301, 'Γιώτης Μπισκοτόκρεμα 300γρ', '8016e637b54241f8ad242ed1699bf2da', '2023-09-07', 1.55),
(301, 'Γιώτης Μπισκοτόκρεμα 300γρ', '8016e637b54241f8ad242ed1699bf2da', '2023-09-08', 2.1),
(301, 'Γιώτης Μπισκοτόκρεμα 300γρ', '8016e637b54241f8ad242ed1699bf2da', '2023-09-09', 2.14),
(301, 'Γιώτης Μπισκοτόκρεμα 300γρ', '8016e637b54241f8ad242ed1699bf2da', '2023-09-10', 2.89),
(301, 'Γιώτης Μπισκοτόκρεμα 300γρ', '8016e637b54241f8ad242ed1699bf2da', '2023-09-11', 1.24),
(349, 'Pampers Πάνες Μωρού Premium Pants Nο 5 12-17κιλ 34τεμ', '8016e637b54241f8ad242ed1699bf2da', '2023-09-07', 2.34),
(349, 'Pampers Πάνες Μωρού Premium Pants Nο 5 12-17κιλ 34τεμ', '8016e637b54241f8ad242ed1699bf2da', '2023-09-08', 2.92),
(349, 'Pampers Πάνες Μωρού Premium Pants Nο 5 12-17κιλ 34τεμ', '8016e637b54241f8ad242ed1699bf2da', '2023-09-09', 2.72),
(349, 'Pampers Πάνες Μωρού Premium Pants Nο 5 12-17κιλ 34τεμ', '8016e637b54241f8ad242ed1699bf2da', '2023-09-10', 2.31),
(349, 'Pampers Πάνες Μωρού Premium Pants Nο 5 12-17κιλ 34τεμ', '8016e637b54241f8ad242ed1699bf2da', '2023-09-11', 2.38),
(376, 'Pampers Πάνες Premium Care Nο 3 5-9 κιλ 60τεμ', '8016e637b54241f8ad242ed1699bf2da', '2023-09-07', 2.19),
(376, 'Pampers Πάνες Premium Care Nο 3 5-9 κιλ 60τεμ', '8016e637b54241f8ad242ed1699bf2da', '2023-09-08', 2.82),
(376, 'Pampers Πάνες Premium Care Nο 3 5-9 κιλ 60τεμ', '8016e637b54241f8ad242ed1699bf2da', '2023-09-09', 2.45),
(376, 'Pampers Πάνες Premium Care Nο 3 5-9 κιλ 60τεμ', '8016e637b54241f8ad242ed1699bf2da', '2023-09-10', 2.57),
(376, 'Pampers Πάνες Premium Care Nο 3 5-9 κιλ 60τεμ', '8016e637b54241f8ad242ed1699bf2da', '2023-09-11', 2.54),
(377, 'Pampers Πάνες Premium Care Nο 4 8-14 κιλ 52τεμ', '8016e637b54241f8ad242ed1699bf2da', '2023-09-07', 1.05),
(377, 'Pampers Πάνες Premium Care Nο 4 8-14 κιλ 52τεμ', '8016e637b54241f8ad242ed1699bf2da', '2023-09-08', 1.4),
(377, 'Pampers Πάνες Premium Care Nο 4 8-14 κιλ 52τεμ', '8016e637b54241f8ad242ed1699bf2da', '2023-09-09', 1.88),
(377, 'Pampers Πάνες Premium Care Nο 4 8-14 κιλ 52τεμ', '8016e637b54241f8ad242ed1699bf2da', '2023-09-10', 2.28),
(377, 'Pampers Πάνες Premium Care Nο 4 8-14 κιλ 52τεμ', '8016e637b54241f8ad242ed1699bf2da', '2023-09-11', 1.23),
(388, 'Babylino Πάνες Μωρού Sensitive Nο7 17+ κιλ 14τεμ', '8016e637b54241f8ad242ed1699bf2da', '2023-09-07', 1.47),
(388, 'Babylino Πάνες Μωρού Sensitive Nο7 17+ κιλ 14τεμ', '8016e637b54241f8ad242ed1699bf2da', '2023-09-08', 2.47),
(388, 'Babylino Πάνες Μωρού Sensitive Nο7 17+ κιλ 14τεμ', '8016e637b54241f8ad242ed1699bf2da', '2023-09-09', 2.78),
(388, 'Babylino Πάνες Μωρού Sensitive Nο7 17+ κιλ 14τεμ', '8016e637b54241f8ad242ed1699bf2da', '2023-09-10', 2.67),
(388, 'Babylino Πάνες Μωρού Sensitive Nο7 17+ κιλ 14τεμ', '8016e637b54241f8ad242ed1699bf2da', '2023-09-11', 1.81),
(465, 'Pampers Πάνες Μωρού 31τεμ', '8016e637b54241f8ad242ed1699bf2da', '2023-09-07', 2.25),
(465, 'Pampers Πάνες Μωρού 31τεμ', '8016e637b54241f8ad242ed1699bf2da', '2023-09-08', 2.32),
(465, 'Pampers Πάνες Μωρού 31τεμ', '8016e637b54241f8ad242ed1699bf2da', '2023-09-09', 2.32),
(465, 'Pampers Πάνες Μωρού 31τεμ', '8016e637b54241f8ad242ed1699bf2da', '2023-09-10', 2.4),
(465, 'Pampers Πάνες Μωρού 31τεμ', '8016e637b54241f8ad242ed1699bf2da', '2023-09-11', 1.57),
(472, 'Softex Χαρτί Υγείας Super Giga 2 Φύλλα 12τεμ', 'd41744460283406a86f8e4bd5010a66d', '2023-09-07', 2.37),
(472, 'Softex Χαρτί Υγείας Super Giga 2 Φύλλα 12τεμ', 'd41744460283406a86f8e4bd5010a66d', '2023-09-08', 1.05),
(472, 'Softex Χαρτί Υγείας Super Giga 2 Φύλλα 12τεμ', 'd41744460283406a86f8e4bd5010a66d', '2023-09-09', 2.55),
(472, 'Softex Χαρτί Υγείας Super Giga 2 Φύλλα 12τεμ', 'd41744460283406a86f8e4bd5010a66d', '2023-09-10', 1.01),
(472, 'Softex Χαρτί Υγείας Super Giga 2 Φύλλα 12τεμ', 'd41744460283406a86f8e4bd5010a66d', '2023-09-11', 2.61),
(490, 'Zewa Deluxe Χαρτί Υγείας 3 Φύλλα 8τεμ', 'd41744460283406a86f8e4bd5010a66d', '2023-09-07', 2.74),
(490, 'Zewa Deluxe Χαρτί Υγείας 3 Φύλλα 8τεμ', 'd41744460283406a86f8e4bd5010a66d', '2023-09-08', 2.89),
(490, 'Zewa Deluxe Χαρτί Υγείας 3 Φύλλα 8τεμ', 'd41744460283406a86f8e4bd5010a66d', '2023-09-09', 2.86),
(490, 'Zewa Deluxe Χαρτί Υγείας 3 Φύλλα 8τεμ', 'd41744460283406a86f8e4bd5010a66d', '2023-09-10', 2.72),
(490, 'Zewa Deluxe Χαρτί Υγείας 3 Φύλλα 8τεμ', 'd41744460283406a86f8e4bd5010a66d', '2023-09-11', 2.46),
(571, 'Zewa Χαρτι Κουζίνας Wisch And Weg Economy 3τεμ', 'd41744460283406a86f8e4bd5010a66d', '2023-09-07', 1.64),
(571, 'Zewa Χαρτι Κουζίνας Wisch And Weg Economy 3τεμ', 'd41744460283406a86f8e4bd5010a66d', '2023-09-08', 1.64),
(571, 'Zewa Χαρτι Κουζίνας Wisch And Weg Economy 3τεμ', 'd41744460283406a86f8e4bd5010a66d', '2023-09-09', 2.45),
(571, 'Zewa Χαρτι Κουζίνας Wisch And Weg Economy 3τεμ', 'd41744460283406a86f8e4bd5010a66d', '2023-09-10', 2.44),
(571, 'Zewa Χαρτι Κουζίνας Wisch And Weg Economy 3τεμ', 'd41744460283406a86f8e4bd5010a66d', '2023-09-11', 2.09),
(682, 'Kleenex Χαρτί Υγείας 2 Φύλλα 12τεμ', 'd41744460283406a86f8e4bd5010a66d', '2023-09-07', 1.46),
(682, 'Kleenex Χαρτί Υγείας 2 Φύλλα 12τεμ', 'd41744460283406a86f8e4bd5010a66d', '2023-09-08', 2.8),
(682, 'Kleenex Χαρτί Υγείας 2 Φύλλα 12τεμ', 'd41744460283406a86f8e4bd5010a66d', '2023-09-09', 2.86),
(682, 'Kleenex Χαρτί Υγείας 2 Φύλλα 12τεμ', 'd41744460283406a86f8e4bd5010a66d', '2023-09-10', 1.16),
(682, 'Kleenex Χαρτί Υγείας 2 Φύλλα 12τεμ', 'd41744460283406a86f8e4bd5010a66d', '2023-09-11', 1.45),
(765, 'Zewa Χαρτί Υγείας Deluxe Χαμομήλι 3 Φύλλα 8τεμ 768γρ', 'd41744460283406a86f8e4bd5010a66d', '2023-09-07', 1.2),
(765, 'Zewa Χαρτί Υγείας Deluxe Χαμομήλι 3 Φύλλα 8τεμ 768γρ', 'd41744460283406a86f8e4bd5010a66d', '2023-09-08', 2.88),
(765, 'Zewa Χαρτί Υγείας Deluxe Χαμομήλι 3 Φύλλα 8τεμ 768γρ', 'd41744460283406a86f8e4bd5010a66d', '2023-09-09', 1.76),
(765, 'Zewa Χαρτί Υγείας Deluxe Χαμομήλι 3 Φύλλα 8τεμ 768γρ', 'd41744460283406a86f8e4bd5010a66d', '2023-09-10', 1.11),
(765, 'Zewa Χαρτί Υγείας Deluxe Χαμομήλι 3 Φύλλα 8τεμ 768γρ', 'd41744460283406a86f8e4bd5010a66d', '2023-09-11', 1.83),
(797, 'Skip Υγρό Regular 30πλ', 'd41744460283406a86f8e4bd5010a66d', '2023-09-07', 1.95),
(797, 'Skip Υγρό Regular 30πλ', 'd41744460283406a86f8e4bd5010a66d', '2023-09-08', 1.28),
(797, 'Skip Υγρό Regular 30πλ', 'd41744460283406a86f8e4bd5010a66d', '2023-09-09', 2.24),
(797, 'Skip Υγρό Regular 30πλ', 'd41744460283406a86f8e4bd5010a66d', '2023-09-10', 1.7),
(797, 'Skip Υγρό Regular 30πλ', 'd41744460283406a86f8e4bd5010a66d', '2023-09-11', 2.15),
(860, 'Fairy Original All in One Καψ Πλυντ Πιάτ Λεμόνι 22τεμ', 'd41744460283406a86f8e4bd5010a66d', '2023-09-07', 1.36),
(860, 'Fairy Original All in One Καψ Πλυντ Πιάτ Λεμόνι 22τεμ', 'd41744460283406a86f8e4bd5010a66d', '2023-09-08', 1.95),
(860, 'Fairy Original All in One Καψ Πλυντ Πιάτ Λεμόνι 22τεμ', 'd41744460283406a86f8e4bd5010a66d', '2023-09-09', 1.35),
(860, 'Fairy Original All in One Καψ Πλυντ Πιάτ Λεμόνι 22τεμ', 'd41744460283406a86f8e4bd5010a66d', '2023-09-10', 2.86),
(860, 'Fairy Original All in One Καψ Πλυντ Πιάτ Λεμόνι 22τεμ', 'd41744460283406a86f8e4bd5010a66d', '2023-09-11', 2.92),
(862, 'Persil Black Υγρό Απορ Πλυντ Ρούχ 12Μεζ 750ml', 'd41744460283406a86f8e4bd5010a66d', '2023-09-07', 1.97),
(862, 'Persil Black Υγρό Απορ Πλυντ Ρούχ 12Μεζ 750ml', 'd41744460283406a86f8e4bd5010a66d', '2023-09-08', 2.35),
(862, 'Persil Black Υγρό Απορ Πλυντ Ρούχ 12Μεζ 750ml', 'd41744460283406a86f8e4bd5010a66d', '2023-09-09', 2.23),
(862, 'Persil Black Υγρό Απορ Πλυντ Ρούχ 12Μεζ 750ml', 'd41744460283406a86f8e4bd5010a66d', '2023-09-10', 2.84),
(862, 'Persil Black Υγρό Απορ Πλυντ Ρούχ 12Μεζ 750ml', 'd41744460283406a86f8e4bd5010a66d', '2023-09-11', 2.42),
(865, 'Omo Υγρό Απορ Τροπ Λουλ 30πλ 1,95l', 'd41744460283406a86f8e4bd5010a66d', '2023-09-07', 1.57),
(865, 'Omo Υγρό Απορ Τροπ Λουλ 30πλ 1,95l', 'd41744460283406a86f8e4bd5010a66d', '2023-09-08', 1.74),
(865, 'Omo Υγρό Απορ Τροπ Λουλ 30πλ 1,95l', 'd41744460283406a86f8e4bd5010a66d', '2023-09-09', 2.85),
(865, 'Omo Υγρό Απορ Τροπ Λουλ 30πλ 1,95l', 'd41744460283406a86f8e4bd5010a66d', '2023-09-10', 1.72),
(865, 'Omo Υγρό Απορ Τροπ Λουλ 30πλ 1,95l', 'd41744460283406a86f8e4bd5010a66d', '2023-09-11', 2.03),
(867, 'Dixan Σκόνη Πλυντ 42πλ 2,31γρ', 'd41744460283406a86f8e4bd5010a66d', '2023-09-07', 1.61),
(867, 'Dixan Σκόνη Πλυντ 42πλ 2,31γρ', 'd41744460283406a86f8e4bd5010a66d', '2023-09-08', 2.3),
(867, 'Dixan Σκόνη Πλυντ 42πλ 2,31γρ', 'd41744460283406a86f8e4bd5010a66d', '2023-09-09', 2.07),
(867, 'Dixan Σκόνη Πλυντ 42πλ 2,31γρ', 'd41744460283406a86f8e4bd5010a66d', '2023-09-10', 1.56),
(867, 'Dixan Σκόνη Πλυντ 42πλ 2,31γρ', 'd41744460283406a86f8e4bd5010a66d', '2023-09-11', 2.22),
(1026, 'Friskies Adult Ξηρά Γατ/Φή Κουν/Κοτ/Λαχ 400γρ', '662418cbd02e435280148dbb8892782a', '2023-09-07', 1.56),
(1026, 'Friskies Adult Ξηρά Γατ/Φή Κουν/Κοτ/Λαχ 400γρ', '662418cbd02e435280148dbb8892782a', '2023-09-08', 1.73),
(1026, 'Friskies Adult Ξηρά Γατ/Φή Κουν/Κοτ/Λαχ 400γρ', '662418cbd02e435280148dbb8892782a', '2023-09-09', 1.26),
(1026, 'Friskies Adult Ξηρά Γατ/Φή Κουν/Κοτ/Λαχ 400γρ', '662418cbd02e435280148dbb8892782a', '2023-09-10', 2.58),
(1026, 'Friskies Adult Ξηρά Γατ/Φή Κουν/Κοτ/Λαχ 400γρ', '662418cbd02e435280148dbb8892782a', '2023-09-11', 1.43),
(1080, 'Friskies Άμμος Υγιεινής 5κιλ', '662418cbd02e435280148dbb8892782a', '2023-09-07', 1.64),
(1080, 'Friskies Άμμος Υγιεινής 5κιλ', '662418cbd02e435280148dbb8892782a', '2023-09-08', 1.49),
(1080, 'Friskies Άμμος Υγιεινής 5κιλ', '662418cbd02e435280148dbb8892782a', '2023-09-09', 1.81),
(1080, 'Friskies Άμμος Υγιεινής 5κιλ', '662418cbd02e435280148dbb8892782a', '2023-09-10', 1.82),
(1080, 'Friskies Άμμος Υγιεινής 5κιλ', '662418cbd02e435280148dbb8892782a', '2023-09-11', 1.79),
(1179, 'Friskies Adult Ξηρά Γατ/Φή Βοδ/Συκ/Κοτ 400γρ', '662418cbd02e435280148dbb8892782a', '2023-09-07', 1.97),
(1179, 'Friskies Adult Ξηρά Γατ/Φή Βοδ/Συκ/Κοτ 400γρ', '662418cbd02e435280148dbb8892782a', '2023-09-08', 2.28),
(1179, 'Friskies Adult Ξηρά Γατ/Φή Βοδ/Συκ/Κοτ 400γρ', '662418cbd02e435280148dbb8892782a', '2023-09-09', 2.46),
(1179, 'Friskies Adult Ξηρά Γατ/Φή Βοδ/Συκ/Κοτ 400γρ', '662418cbd02e435280148dbb8892782a', '2023-09-10', 1.09),
(1179, 'Friskies Adult Ξηρά Γατ/Φή Βοδ/Συκ/Κοτ 400γρ', '662418cbd02e435280148dbb8892782a', '2023-09-11', 2.38),
(1182, 'Purina Gold Gourmet Γατ/Φή Βοδ/Κοτ 85γρ', '662418cbd02e435280148dbb8892782a', '2023-09-07', 2.5),
(1182, 'Purina Gold Gourmet Γατ/Φή Βοδ/Κοτ 85γρ', '662418cbd02e435280148dbb8892782a', '2023-09-08', 1.6),
(1182, 'Purina Gold Gourmet Γατ/Φή Βοδ/Κοτ 85γρ', '662418cbd02e435280148dbb8892782a', '2023-09-09', 1.45),
(1182, 'Purina Gold Gourmet Γατ/Φή Βοδ/Κοτ 85γρ', '662418cbd02e435280148dbb8892782a', '2023-09-10', 1.52),
(1182, 'Purina Gold Gourmet Γατ/Φή Βοδ/Κοτ 85γρ', '662418cbd02e435280148dbb8892782a', '2023-09-11', 2.34),
(1191, 'Whiskas Γατ/Φή Κοτόπουλο 400γρ', '662418cbd02e435280148dbb8892782a', '2023-09-07', 2.91),
(1191, 'Whiskas Γατ/Φή Κοτόπουλο 400γρ', '662418cbd02e435280148dbb8892782a', '2023-09-08', 1.71),
(1191, 'Whiskas Γατ/Φή Κοτόπουλο 400γρ', '662418cbd02e435280148dbb8892782a', '2023-09-09', 1.15),
(1191, 'Whiskas Γατ/Φή Κοτόπουλο 400γρ', '662418cbd02e435280148dbb8892782a', '2023-09-10', 1.5),
(1191, 'Whiskas Γατ/Φή Κοτόπουλο 400γρ', '662418cbd02e435280148dbb8892782a', '2023-09-11', 2.81),
(1323, 'Cesar Clasicos Σκυλ/Φή Μοσχ 150γρ', '662418cbd02e435280148dbb8892782a', '2023-09-07', 1.72),
(1323, 'Cesar Clasicos Σκυλ/Φή Μοσχ 150γρ', '662418cbd02e435280148dbb8892782a', '2023-09-08', 2.24),
(1323, 'Cesar Clasicos Σκυλ/Φή Μοσχ 150γρ', '662418cbd02e435280148dbb8892782a', '2023-09-09', 1),
(1323, 'Cesar Clasicos Σκυλ/Φή Μοσχ 150γρ', '662418cbd02e435280148dbb8892782a', '2023-09-10', 1.62),
(1323, 'Cesar Clasicos Σκυλ/Φή Μοσχ 150γρ', '662418cbd02e435280148dbb8892782a', '2023-09-11', 1.93),
(1181, 'Pedigree Σκυλ/Φή Πατέ Κοτοπ/Μοσχ 300γρ', '662418cbd02e435280148dbb8892782a', '2023-09-07', 2.04),
(1181, 'Pedigree Σκυλ/Φή Πατέ Κοτοπ/Μοσχ 300γρ', '662418cbd02e435280148dbb8892782a', '2023-09-08', 2.75),
(1181, 'Pedigree Σκυλ/Φή Πατέ Κοτοπ/Μοσχ 300γρ', '662418cbd02e435280148dbb8892782a', '2023-09-09', 2.48),
(1181, 'Pedigree Σκυλ/Φή Πατέ Κοτοπ/Μοσχ 300γρ', '662418cbd02e435280148dbb8892782a', '2023-09-10', 2.97),
(1181, 'Pedigree Σκυλ/Φή Πατέ Κοτοπ/Μοσχ 300γρ', '662418cbd02e435280148dbb8892782a', '2023-09-11', 2.21),
(1180, 'Pedigree Υγ Σκυλ/Φή 3 Ποικ Πουλερικών 400γρ', '662418cbd02e435280148dbb8892782a', '2023-09-07', 1.59),
(1180, 'Pedigree Υγ Σκυλ/Φή 3 Ποικ Πουλερικών 400γρ', '662418cbd02e435280148dbb8892782a', '2023-09-08', 1.05),
(1180, 'Pedigree Υγ Σκυλ/Φή 3 Ποικ Πουλερικών 400γρ', '662418cbd02e435280148dbb8892782a', '2023-09-09', 2.25),
(1180, 'Pedigree Υγ Σκυλ/Φή 3 Ποικ Πουλερικών 400γρ', '662418cbd02e435280148dbb8892782a', '2023-09-10', 2.32),
(1180, 'Pedigree Υγ Σκυλ/Φή 3 Ποικ Πουλερικών 400γρ', '662418cbd02e435280148dbb8892782a', '2023-09-11', 2.85),
(1181, 'Pedigree Σκυλ/Φή Πατέ Κοτοπ/Μοσχ 300γρ', '662418cbd02e435280148dbb8892782a', '2023-09-07', 1.38),
(1181, 'Pedigree Σκυλ/Φή Πατέ Κοτοπ/Μοσχ 300γρ', '662418cbd02e435280148dbb8892782a', '2023-09-08', 2.8),
(1181, 'Pedigree Σκυλ/Φή Πατέ Κοτοπ/Μοσχ 300γρ', '662418cbd02e435280148dbb8892782a', '2023-09-09', 2.03),
(1181, 'Pedigree Σκυλ/Φή Πατέ Κοτοπ/Μοσχ 300γρ', '662418cbd02e435280148dbb8892782a', '2023-09-10', 1.08),
(1181, 'Pedigree Σκυλ/Φή Πατέ Κοτοπ/Μοσχ 300γρ', '662418cbd02e435280148dbb8892782a', '2023-09-11', 2.13),
(1173, 'Friskies Σκυλ/Φή Ξηρ Κοτ/Λαχ 1,5κιλ', '662418cbd02e435280148dbb8892782a', '2023-09-07', 1.44),
(1173, 'Friskies Σκυλ/Φή Ξηρ Κοτ/Λαχ 1,5κιλ', '662418cbd02e435280148dbb8892782a', '2023-09-08', 1.48),
(1173, 'Friskies Σκυλ/Φή Ξηρ Κοτ/Λαχ 1,5κιλ', '662418cbd02e435280148dbb8892782a', '2023-09-09', 1.18),
(1173, 'Friskies Σκυλ/Φή Ξηρ Κοτ/Λαχ 1,5κιλ', '662418cbd02e435280148dbb8892782a', '2023-09-10', 2.04),
(1173, 'Friskies Σκυλ/Φή Ξηρ Κοτ/Λαχ 1,5κιλ', '662418cbd02e435280148dbb8892782a', '2023-09-11', 1.03);

-- --------------------------------------------------------

--
-- Δομή πίνακα για τον πίνακα `product`
--

CREATE TABLE `product` (
  `product_id` int(11) NOT NULL,
  `product_name` varchar(255) NOT NULL,
  `category_id` varchar(255) NOT NULL,
  `subcategory_id` varchar(255) NOT NULL
) ENGINE=InnoDB DEFAULT CHARSET=utf8mb4 COLLATE=utf8mb4_general_ci;

--
-- Άδειασμα δεδομένων του πίνακα `product`
--

INSERT INTO `product` (`product_id`, `product_name`, `category_id`, `subcategory_id`) VALUES
(107, 'La Vache Qui Rit Τυρί Cheddar Φέτες 200γρ', 'ee0022e7b1b34eb2b834ea334cda52e7', '4c73d0eccd1e4dde8bb882e436a64ebb'),
(109, 'Μίνι Babybel Διχτάκι 6τεμ 120γρ', 'ee0022e7b1b34eb2b834ea334cda52e7', '4c73d0eccd1e4dde8bb882e436a64ebb'),
(132, 'Φάγε Τυρί Τριμμένο Gouda 200γρ', 'ee0022e7b1b34eb2b834ea334cda52e7', '4c73d0eccd1e4dde8bb882e436a64ebb'),
(170, 'Φάγε Μιγμ Tριμ 4 Τυρ 200γρ', 'ee0022e7b1b34eb2b834ea334cda52e7', '4c73d0eccd1e4dde8bb882e436a64ebb'),
(172, 'Φάγε Τυρί Flair Cottage 225γρ', 'ee0022e7b1b34eb2b834ea334cda52e7', '4c73d0eccd1e4dde8bb882e436a64ebb'),
(364, 'Εδέμ Φασόλια Κόκκινα Σε Νερό 240γρ.', 'ee0022e7b1b34eb2b834ea334cda52e7', '50e8a35122854b2b9cf0e97356072f94'),
(724, '3 Άλφα Φασόλια Χονδρά Εισαγωγής 500γρ', 'ee0022e7b1b34eb2b834ea334cda52e7', '50e8a35122854b2b9cf0e97356072f94'),
(749, '3 Άλφα Ρεβύθια Χονδρά Εισαγωγής 500γρ', 'ee0022e7b1b34eb2b834ea334cda52e7', '50e8a35122854b2b9cf0e97356072f94'),
(754, 'Agrino Φασόλια Γίγαντες Ελέφαντες Καστοριάς Π.Γ.Ε. 500γρ', 'ee0022e7b1b34eb2b834ea334cda52e7', '50e8a35122854b2b9cf0e97356072f94'),
(769, '3 Άλφα Φασόλια Γίγαντες Εισαγωγής 500γρ', 'ee0022e7b1b34eb2b834ea334cda52e7', '50e8a35122854b2b9cf0e97356072f94'),
(1029, 'Fix Hellas Μπύρα 6X330ml', 'a8ac6be68b53443bbd93b229e2f9cd34', '329bdd842f9f41688a0aa017b74ffde4'),
(1033, 'Heineken Μπύρα 6X330ml', 'a8ac6be68b53443bbd93b229e2f9cd34', '329bdd842f9f41688a0aa017b74ffde4'),
(1037, 'Stella Artois Μπύρα 6x330ml', 'a8ac6be68b53443bbd93b229e2f9cd34', '329bdd842f9f41688a0aa017b74ffde4'),
(1086, 'Mythos Μπύρα 330ml', 'a8ac6be68b53443bbd93b229e2f9cd34', '329bdd842f9f41688a0aa017b74ffde4'),
(1139, 'Amstel Μπύρα 330ml', 'a8ac6be68b53443bbd93b229e2f9cd34', '329bdd842f9f41688a0aa017b74ffde4'),
(1273, 'Λουξ Πορτοκαλάδα Μπλε 330ml', 'a8ac6be68b53443bbd93b229e2f9cd34', '3010aca5cbdc401e8dfe1d39320a8d1a'),
(1288, 'Coca Cola Zero 1λιτ', 'a8ac6be68b53443bbd93b229e2f9cd34', '3010aca5cbdc401e8dfe1d39320a8d1a'),
(1289, 'Coca Cola 330ml', 'a8ac6be68b53443bbd93b229e2f9cd34', '3010aca5cbdc401e8dfe1d39320a8d1a'),
(1172, 'Red Bull Ενεργειακό Ποτό 250ml', 'a8ac6be68b53443bbd93b229e2f9cd34', '3010aca5cbdc401e8dfe1d39320a8d1a'),
(442, 'Monster Energy Drink 500ml', 'a8ac6be68b53443bbd93b229e2f9cd34', '3010aca5cbdc401e8dfe1d39320a8d1a'),
(756, 'Nestle Φαρίν Λακτέ 350γρ', '8016e637b54241f8ad242ed1699bf2da', '7e86994327f64e3ca967c09b5803966a'),
(417, 'Nutricia Biskotti Ζωάκια 180γρ', '8016e637b54241f8ad242ed1699bf2da', '7e86994327f64e3ca967c09b5803966a'),
(386, 'Γιώτης Ανθός Ορύζης 150γρ', '8016e637b54241f8ad242ed1699bf2da', '7e86994327f64e3ca967c09b5803966a'),
(329, 'Γιώτης Κρέμα Παιδικη Φαρίν Λακτέ Μπισκότο 300γρ', '8016e637b54241f8ad242ed1699bf2da', '7e86994327f64e3ca967c09b5803966a'),
(301, 'Γιώτης Μπισκοτόκρεμα 300γρ', '8016e637b54241f8ad242ed1699bf2da', '7e86994327f64e3ca967c09b5803966a'),
(349, 'Pampers Πάνες Μωρού Premium Pants Nο 5 12-17κιλ 34τεμ', '8016e637b54241f8ad242ed1699bf2da', 'e0efaa1776714351a4c17a3a9d412602'),
(376, 'Pampers Πάνες Premium Care Nο 3 5-9 κιλ 60τεμ', '8016e637b54241f8ad242ed1699bf2da', 'e0efaa1776714351a4c17a3a9d412602'),
(377, 'Pampers Πάνες Premium Care Nο 4 8-14 κιλ 52τεμ', '8016e637b54241f8ad242ed1699bf2da', 'e0efaa1776714351a4c17a3a9d412602'),
(388, 'Babylino Πάνες Μωρού Sensitive Nο7 17+ κιλ 14τεμ', '8016e637b54241f8ad242ed1699bf2da', 'e0efaa1776714351a4c17a3a9d412602'),
(465, 'Pampers Πάνες Μωρού 31τεμ', '8016e637b54241f8ad242ed1699bf2da', 'e0efaa1776714351a4c17a3a9d412602'),
(472, 'Softex Χαρτί Υγείας Super Giga 2 Φύλλα 12τεμ', 'd41744460283406a86f8e4bd5010a66d', '034941f08ca34f7baaf5932427d7e635'),
(490, 'Zewa Deluxe Χαρτί Υγείας 3 Φύλλα 8τεμ', 'd41744460283406a86f8e4bd5010a66d', '034941f08ca34f7baaf5932427d7e635'),
(571, 'Zewa Χαρτι Κουζίνας Wisch And Weg Economy 3τεμ', 'd41744460283406a86f8e4bd5010a66d', '034941f08ca34f7baaf5932427d7e635'),
(682, 'Kleenex Χαρτί Υγείας 2 Φύλλα 12τεμ', 'd41744460283406a86f8e4bd5010a66d', '034941f08ca34f7baaf5932427d7e635'),
(765, 'Zewa Χαρτί Υγείας Deluxe Χαμομήλι 3 Φύλλα 8τεμ 768γρ', 'd41744460283406a86f8e4bd5010a66d', '034941f08ca34f7baaf5932427d7e635'),
(797, 'Skip Υγρό Regular 30πλ', 'd41744460283406a86f8e4bd5010a66d', 'e60aca31a37a40db8a83ccf93bd116b1'),
(860, 'Fairy Original All in One Καψ Πλυντ Πιάτ Λεμόνι 22τεμ', 'd41744460283406a86f8e4bd5010a66d', 'e60aca31a37a40db8a83ccf93bd116b1'),
(862, 'Persil Black Υγρό Απορ Πλυντ Ρούχ 12Μεζ 750ml', 'd41744460283406a86f8e4bd5010a66d', 'e60aca31a37a40db8a83ccf93bd116b1'),
(865, 'Omo Υγρό Απορ Τροπ Λουλ 30πλ 1,95l', 'd41744460283406a86f8e4bd5010a66d', 'e60aca31a37a40db8a83ccf93bd116b1'),
(867, 'Dixan Σκόνη Πλυντ 42πλ 2,31γρ', 'd41744460283406a86f8e4bd5010a66d', 'e60aca31a37a40db8a83ccf93bd116b1'),
(1026, 'Friskies Adult Ξηρά Γατ/Φή Κουν/Κοτ/Λαχ 400γρ', '662418cbd02e435280148dbb8892782a', '926262c303fe402a8542a5d5cf3ac7eb'),
(1080, 'Friskies Άμμος Υγιεινής 5κιλ', '662418cbd02e435280148dbb8892782a', '926262c303fe402a8542a5d5cf3ac7eb'),
(1179, 'Friskies Adult Ξηρά Γατ/Φή Βοδ/Συκ/Κοτ 400γρ', '662418cbd02e435280148dbb8892782a', '926262c303fe402a8542a5d5cf3ac7eb'),
(1182, 'Purina Gold Gourmet Γατ/Φή Βοδ/Κοτ 85γρ', '662418cbd02e435280148dbb8892782a', '926262c303fe402a8542a5d5cf3ac7eb'),
(1191, 'Whiskas Γατ/Φή Κοτόπουλο 400γρ', '662418cbd02e435280148dbb8892782a', '926262c303fe402a8542a5d5cf3ac7eb'),
(1323, 'Cesar Clasicos Σκυλ/Φή Μοσχ 150γρ', '662418cbd02e435280148dbb8892782a', '0c6e42d52765495dbbd06c189a4fc80f'),
(1181, 'Pedigree Σκυλ/Φή Πατέ Κοτοπ/Μοσχ 300γρ', '662418cbd02e435280148dbb8892782a', '0c6e42d52765495dbbd06c189a4fc80f'),
(1180, 'Pedigree Υγ Σκυλ/Φή 3 Ποικ Πουλερικών 400γρ', '662418cbd02e435280148dbb8892782a', '0c6e42d52765495dbbd06c189a4fc80f'),
(1181, 'Pedigree Σκυλ/Φή Πατέ Κοτοπ/Μοσχ 300γρ', '662418cbd02e435280148dbb8892782a', '0c6e42d52765495dbbd06c189a4fc80f'),
(1173, 'Friskies Σκυλ/Φή Ξηρ Κοτ/Λαχ 1,5κιλ', '662418cbd02e435280148dbb8892782a', '0c6e42d52765495dbbd06c189a4fc80f');

-- --------------------------------------------------------

--
-- Δομή πίνακα για τον πίνακα `shop`
--

CREATE TABLE `shop` (
  `shop_id` bigint(20) NOT NULL,
  `name` varchar(255) NOT NULL,
  `shop` varchar(255) NOT NULL,
  `longitude` double NOT NULL,
  `latitude` double NOT NULL
) ENGINE=InnoDB DEFAULT CHARSET=utf8mb4 COLLATE=utf8mb4_general_ci;

--
-- Άδειασμα δεδομένων του πίνακα `shop`
--

INSERT INTO `shop` (`shop_id`, `name`, `shop`, `longitude`, `latitude`) VALUES
(354449389, 'Lidl', 'supermarket', 21.712654, 38.2080319),
(360217468, 'The Mart', 'supermarket', 21.7806567, 38.28931),
(360226900, 'Lidl', 'supermarket', 21.7434265, 38.2633511),
(364381224, 'Σουπερμάρκετ Ανδρικόπουλος', 'supermarket', 21.7908028, 38.2952086),
(364463568, 'Σκλαβενίτης', 'supermarket', 21.7642075, 38.2104365),
(598279836, 'Papakos', 'convenience', 21.7622778, 38.23553),
(980515550, 'Lidl', 'supermarket', 21.740082, 38.2312926),
(1643373636, 'Σκλαβενίτης', 'supermarket', 21.7814957, 38.3013087),
(1643818281, 'Σκλαβενίτης', 'supermarket', 21.7489662, 38.2596476),
(1657132006, 'Ρουμελιώτης SUPER Market', 'supermarket', 21.7436127, 38.2613806),
(1657132008, 'Σκλαβενίτης', 'supermarket', 21.741582, 38.2585236),
(1763830009, 'My market', 'supermarket', 21.7473265, 38.2323892),
(1763830474, 'ΑΒ Βασιλόπουλος', 'supermarket', 21.7257294, 38.2322376),
(1770994538, 'Markoulas', 'supermarket', 21.7603629, 38.2644973),
(1815896581, 'Lidl', 'supermarket', 21.8051332, 38.3067563),
(1971240515, 'Ανδρικόπουλος', 'supermarket', 21.736371, 38.2399863),
(1971247760, 'Σκλαβενίτης', 'supermarket', 21.7373409, 38.2364945),
(1971249846, 'My Market', 'supermarket', 21.7342362, 38.2427052),
(3144355008, 'My Market', 'supermarket', 21.7396708, 38.2568618),
(3354481184, 'Ανδρικόπουλος', 'supermarket', 21.7323293, 38.1951968),
(4101518891, 'ΑΒ ΒΑΣΙΛΟΠΟΥΛΟΣ', 'supermarket', 21.7418506, 38.2565589),
(4356183595, 'Σκλαβενίτης', 'supermarket', 21.733285, 38.2434859),
(4357589496, 'Ανδρικόπουλος', 'supermarket', 21.7302559, 38.2427963),
(4372108797, 'Mini Market', 'convenience', 21.8364993, 38.2725804),
(4484528391, 'Carna', 'convenience', 21.7667136, 38.2795377),
(4752810729, 'Mini Market', 'convenience', 21.7770011, 38.3052409),
(4931300543, 'Kronos', 'supermarket', 21.7296435, 38.2425794),
(4953268497, 'Φίλιππας', 'convenience', 21.7504681, 38.2585639),
(5005384516, 'No supermarket', 'supermarket', 21.7363349, 38.2498065),
(5005409493, 'Kiosk', 'convenience', 21.735128, 38.2490852),
(5005409494, 'Kiosk', 'convenience', 21.7349115, 38.2493169),
(5005409495, 'Kiosk', 'convenience', 21.7344427, 38.2489563),
(5005476710, 'Kiosk', 'convenience', 21.7413066, 38.2569875),
(5005476711, 'Kiosk', 'convenience', 21.7409531, 38.2561434),
(5164678230, 'Ανδρικόπουλος - Supermarket', 'supermarket', 21.7481501, 38.2691937),
(5164678230, 'Σκλαβενίτης', 'supermarket', 21.7497014, 38.2690963),
(5396345464, 'Mini Market', 'convenience', 21.8764222, 38.3277388),
(5620198221, 'ΑΒ Βασιλόπουλος', 'supermarket', 21.7357783, 38.2170935),
(5620208927, 'Mini Market', 'convenience', 21.7321204, 38.2160259),
(7673935764, '3A', 'supermarket', 21.7396687, 38.2504514),
(7673976786, 'Spar', 'supermarket', 21.7389771, 38.2486316),
(7673986831, 'ΑΝΔΡΙΚΟΠΟΥΛΟΣ', 'supermarket', 21.7383224, 38.2481545),
(7674120315, 'ΑΝΔΡΙΚΟΠΟΥΛΟΣ', 'supermarket', 21.7308044, 38.2429466),
(7677225097, 'MyMarket', 'supermarket', 21.7265283, 38.2392836),
(8214753473, 'Ena Cash And Carry', 'supermarket', 21.7253472, 38.2346622),
(8214854586, 'ΚΡΟΝΟΣ - (Σκαγιοπουλείου)', 'supermarket', 21.7294915, 38.2358002),
(8214887295, 'Ανδρικόπουλος Super Market', 'supermarket', 21.7306406, 38.2379176),
(8214887306, '3Α Αράπης', 'supermarket', 21.7328984, 38.2375068),
(8214910532, 'Γαλαξίας', 'supermarket', 21.733787, 38.2361127),
(8215010716, 'Super Market Θεοδωρόπουλος', 'supermarket', 21.7283123, 38.2360129),
(8215157448, 'Super Market ΚΡΟΝΟΣ', 'supermarket', 21.7340723, 38.2390442),
(8777081651, 'Σκλαβενίτης', 'supermarket', 21.7428703, 38.2601801),
(8777171555, '3Α Αράπης', 'supermarket', 21.7460078, 38.2586424),
(8805335004, 'Μασούτης', 'supermarket', 21.7355058, 38.2454669),
(8805467220, 'ΑΒ Shop & Go', 'supermarket', 21.7380288, 38.24957),
(8806495733, '3Α ΑΡΑΠΗΣ', 'supermarket', 21.7455558, 38.2398789),
(9651304117, 'Περίπτερο', 'convenience', 21.7408745, 38.2554443);

-- --------------------------------------------------------

--
-- Δομή πίνακα για τον πίνακα `subcategory`
--

CREATE TABLE `subcategory` (
  `id` varchar(255) NOT NULL,
  `name` varchar(255) NOT NULL,
  `category_id` varchar(255) NOT NULL
) ENGINE=InnoDB DEFAULT CHARSET=utf8mb4 COLLATE=utf8mb4_general_ci;

--
-- Άδειασμα δεδομένων του πίνακα `subcategory`
--

INSERT INTO `subcategory` (`id`, `name`, `category_id`) VALUES
('329bdd842f9f41688a0aa017b74ffde4', 'Μπύρες', 'a8ac6be68b53443bbd93b229e2f9cd34'),
('3010aca5cbdc401e8dfe1d39320a8d1a', 'Αναψυκτικά - Ενεργειακά Ποτά', 'a8ac6be68b53443bbd93b229e2f9cd34'),
('4c73d0eccd1e4dde8bb882e436a64ebb', 'Τυριά', 'ee0022e7b1b34eb2b834ea334cda52e7'),
('50e8a35122854b2b9cf0e97356072f94', ' Όσπρια ', 'ee0022e7b1b34eb2b834ea334cda52e7'),
('7e86994327f64e3ca967c09b5803966a', 'Βρεφικές τροφές', '8016e637b54241f8ad242ed1699bf2da'),
('e0efaa1776714351a4c17a3a9d412602', 'Πάνες', '8016e637b54241f8ad242ed1699bf2da'),
('034941f08ca34f7baaf5932427d7e635', 'Χαρτικά', 'd41744460283406a86f8e4bd5010a66d'),
('e60aca31a37a40db8a83ccf93bd116b1', 'Απορρυπαντικά', 'd41744460283406a86f8e4bd5010a66d'),
('926262c303fe402a8542a5d5cf3ac7eb', 'Τροφή Γάτας', '662418cbd02e435280148dbb8892782a'),
('0c6e42d52765495dbbd06c189a4fc80f', 'Τροφή Σκύλου', '662418cbd02e435280148dbb8892782a');

-- --------------------------------------------------------

--
-- Δομή πίνακα για τον πίνακα `user`
--

CREATE TABLE `user` (
  `user_id` int(11) NOT NULL,
  `username` varchar(255) NOT NULL,
  `password` varchar(255) NOT NULL,
  `email` varchar(255) NOT NULL,
  `registration_date` datetime NOT NULL DEFAULT current_timestamp(),
  `token` int(11) NOT NULL,
  `score` int(11) NOT NULL,
  `score_history` int(11) NOT NULL,
  `token_history` int(12) NOT NULL,
  `admin` tinyint(1) NOT NULL,
  `likes` int(11) DEFAULT NULL,
  `dislikes` int(11) DEFAULT NULL
) ENGINE=InnoDB DEFAULT CHARSET=utf8mb4 COLLATE=utf8mb4_general_ci;

--
-- Άδειασμα δεδομένων του πίνακα `user`
--

INSERT INTO `user` (`user_id`, `username`, `password`, `email`, `registration_date`, `token`, `score`, `score_history`, `token_history`, `admin`, `likes`, `dislikes`) VALUES
(1, 'user1', '73d1a770b8274d0942d6fc9673a17301', 'user1@gmail.com', '2023-09-13 17:21:20', 32, 0, 0, 32, 0, NULL, NULL),
(2, 'user2', 'bbc983e63720d7e85c1eae0331d62f70', 'user2@gmail.com', '2023-09-13 17:21:48', 32, 0, 0, 32, 0, NULL, NULL),
(3, 'user3', '25e1637a5b1b9ed810c5c149dd445574', 'user3@gmail.com', '2023-09-13 17:22:19', 32, 18, 18, 32, 0, NULL, NULL),
(4, 'Dimitris', '@Dimitris123', 'dimitris@gmail.com', '2023-09-13 14:31:00', 0, 0, 0, 0, 1, NULL, NULL),
(5, 'eri', '86b6a68519e19ba3758b65338d3b96cb', 'erintoulai@al.al', '2023-09-13 19:13:49', 32, 0, 0, 32, 0, NULL, NULL),
(6, 'user5', '7b5417a37129701a0f5954e0f346ebb8', 'user5@gmail.com', '2023-09-14 18:33:06', 32, 0, 0, 32, 0, NULL, NULL),
(7, 'Lolos', '@Lolos123', 'lolos@gmail.com', '2023-09-14 18:41:37', 32, 0, 0, 32, 0, NULL, NULL),
(32, 'xaralampos', '@Xara123', 'xara@gmail.com', '2023-09-16 00:50:45', 32, 0, 0, 32, 0, NULL, NULL),
(34, 'orestis', '@Orestis18', 'orestis@gmail.com', '2023-09-17 21:44:46', 32, 0, 0, 32, 0, NULL, NULL),
(37, 'Giannhs', '@Giannhs123', 'giannhs@gmail,com', '2023-09-18 21:40:59', 32, 0, 50, 32, 0, NULL, NULL),
(38, 'Nikos', '@Nikos123', 'nikos@gmail,com', '2023-09-18 21:40:59', 224, 0, 170, 224, 0, NULL, NULL),
(39, 'Kwstas', '@Kwstas123', 'kwstas@gmail,com', '2023-09-18 21:40:59', 128, 0, 100, 128, 0, NULL, NULL),
(40, 'Alex', '@Alex123', 'alex@gmail,com', '2023-09-18 21:40:59', 320, 0, 200, 320, 0, NULL, NULL);

--
-- Ευρετήρια για άχρηστους πίνακες
--

--
-- Ευρετήρια για πίνακα `user`
--
ALTER TABLE `user`
  ADD PRIMARY KEY (`user_id`);

--
-- AUTO_INCREMENT για άχρηστους πίνακες
--

--
-- AUTO_INCREMENT για πίνακα `user`
--
ALTER TABLE `user`
  MODIFY `user_id` int(11) NOT NULL AUTO_INCREMENT, AUTO_INCREMENT=41;
COMMIT;

/*!40101 SET CHARACTER_SET_CLIENT=@OLD_CHARACTER_SET_CLIENT */;
/*!40101 SET CHARACTER_SET_RESULTS=@OLD_CHARACTER_SET_RESULTS */;
/*!40101 SET COLLATION_CONNECTION=@OLD_COLLATION_CONNECTION */;
